שם פרטי;שם משפחה;שם משתמש;סיסמא
יהודה;נסאר;shane_thompson;X94NEqpm0%Kl
אייל;דמרי;robin_wong;np#nh3bLwhWK
אוריה;כהן;natalie_richardson;@KKF61b#1DLh
אפרת;לוי;kevin_walker;SxSgio&Z2%o$
שחר;אבו אל היג'א;teresa_lowery;99Oh1$KplAdi
מאיה;סלאמה;christopher_reeves;Nz%6#2Gu8YZn
אלון;יונס;kevin_alvarez;uZ0M*t1#4YxT
לוי;גואטה;deborah_burns;6a#K&1WF89Dw
בנימין;לוי;james_alexander;K4588wJnn^8@
יוכבד;בן דוד;jenna_jones;BU5mYGrbI^lC
נועה;ארליך;colin_allen;3qi6w@7BR4fW
אחינועם;אלימלך;drew_kelley;vtl&xSOqM3A$
מיכאל;ישראל;kimberly_smith;crJ&V*X1WFWk
הללי;ברוך;jennifer_brady;G2n9VK#NTOfg
לילך;כהן;adrian_oconnor;O9gW!5DF$cJd
שליו;מרדכי;trevor_hopkins;#Mw9IS0O94n#
יעל;ח'לאילה;joseph_aguilar;c#39zNvb@o^C
אלה;גולן;norma_moreno;hn#oU1Yaln9Z
אדל;חלפון;joel_shaw;XCkdE5kq#QOu
רון;לב;tara_watts;7HR^CCuWRO@9
ישראל;זהבי;michelle_hampton;SYWhl79jM%H$
אדל;רובינשטיין;alexis_smith;Hr$OBBi&Af6m
אלימלך;שלמה;nicholas_hernandez;^L@iuXgV&H7E
דוד;טל;mark_webb;eNZuVg7r$%PI
שוהם;עמר;carmen_graves;2YM3Ebry^d9O
יואב;שני;nathaniel_bailey;mn2vTuZL1Jr&
עילאי;יוסופוב;craig_clark;*1@Cu!@tPmtk
אהרון;אשכנזי;william_wright;a0Xix#utV8M%
נועה;נתשה;mary_bradley;!Hu!hW^&4NE*
משה;כהן;dillon_ryan;Su54^fplE2NI
אסתר;בדארנה;christopher_carter;5!MPlxzDVd2C
צפורה;בשארה;ashley_horne;5t4TcR3g&VNe
איתי;סויסה;ellen_morgan;VmU4!86@0!xd
יצחק;תורג'מן;sarah_russo;wPco@cX%7ovE
עדן;סרחאן;christina_greene;ew*diUGpBF0n
רבקה;עטיה;theresa_murray;#dm^49c@2T6O
אחמד;רחמים;jessica_graham;Rt$#5Yjdci@k
טליה;פרידמן;jacqueline_neal;4yy!oTRh5lQ@
אילין;עבאס;darryl_petersen;5QIr97@8pu#Y
עדי;בכר;erin_george;Yg&t#ivehUb2
יובל;מחאג'נה;daniel_gutierrez;sbRANe6mm%Bt
נויה;שושן;dakota_robertson;^3BmGmzu3Y$8
טליה;אמארה;carrie_gomez;!XxmLAP8Oz8R
ליאן;קאסם;brandon_hill;$^iDHi4Ao6ke
שאם;לוין;kara_williams;A#r5SEm!V2m7
גזל;חדד;jason_ayala;wBhKU1*ujnz9
שירה;כהן;ryan_frederick;5wSfglFc%vwx
מוחמד;כהן;shelby_lynn;9J^&4DKvtg5k
טליה;טל;patrick_olson;z2c!PlVEDwH#
לור;גולדשטיין;kevin_lyons;kt&lB6*xQrpm
אהרון;אליהו;robert_moore;ScC2eJ&EerqL
אייל;ברקוביץ;victoria_thompson;zU1Y8@twPn#w
אופיר;אוחנה;emily_stewart;fPSv#ZdVrn0e
עלי;אזולאי;johnny_smith;nQ#x3WhZn4GP
אריאל;סגל;steven_martinez;^7bm3V^1fG4n
אדם;שוויקי;tyrone_solis;OC%VqT&0Y7w0
יעל;שחאדה;valerie_fernandez;GP1&NDfAG$gb
עבד;בר;darryl_mccarthy;f8fTju@k^TMT
עמית;דראושה;shaun_harris;HPNs$SZw6OT9
אליהו;עאמר;alexander_powell;q1^Fdtm$uvFf
יעל;סבאג;kristin_love;dTks^3UZZ$R4
אפרת;אגבאריה;ana_hubbard;RAYl7@!g$lhB
אלדר;חדד;antonio_moore;hUr8U%eTLe&M
אחמד;לרנר;natasha_palmer;&I6SnLpVyYCb
מוחמד;שרף;michael_stevens;Go5#MwfnYp@K
מרדכי;כהן;jennifer_aguirre;rm!#&4r2I5SX
לאה;ג'בארין;alexandra_norris;mCC6S@W%xwE7
שאם;שגיא;brandon_young;JX!K9hlSw^T7
בן;סגל;leonard_smith;N@vhg8$EtlIM
מוחמד;כהן;lorraine_hall;*Q0&A%@9HF0r
אפרת;אבני;veronica_brown;L#!LXCa046yh
איתמר;חאג' יחיא;michelle_sullivan;fy!GTz20mBmJ
אליאנה;דניאל;brandon_cook;vAtMegfz7*$Z
יצחק;מרדכי;pamela_robbins;Ja2O@veyT8Yu
שרה;נחמני;vincent_peters;v#ZwrmD6c6NG
מאיה;דהן;donald_burke;&GPfw72h$Bg9
אריאל;פנחס;david_carter;tilES&H1!z9S
יואל;עטיה;alexander_may;H4fkW^iFG#P3
אליעזר;ביטון;aaron_white;W@#lwP$nS4mp
גילי;לוי;anthony_johnson;KU7&eUuI!g9V
רות;הררי;hannah_hubbard;Vw5zV0X%fC#W
אהרון;אדרי;teresa_clayton;UH*AlEmV*7^j
יאסין;ספיר;chad_owen;q^A0L*5K444u
תמר;ליפשיץ;christopher_tran;U91AXdTk^4j7
מיכאל;ירושלמי;terri_contreras;8Ca*DkyzkD4h
לירון;ח'ורי;angela_hendrix;Dgb740U!pxKC
יוסף;לוי;kevin_brewer;t5OXZ!hiK5%1
מיכאל;הלוי;deanna_rodriguez;2Q*9H$c4fmfA
בר;מור;patricia_osborn;^N4xeEs6DrA9
לורן;גליק;bradley_carter;$TFaUwP6iv*S
דוד;כהן;kimberly_romero;1%!PIXIGXniC
גזל;אלון;robert_perry;fH#U3lhnC0Sx
אופיר;רחמים;marcia_walker;2!cV%iR50nRT
מחמוד;פלדמן;gregory_harris;9q$SdN93@chs
רות;אלמוג;david_watson;#U7U$5fHbCnx
יעקב;אגבאריה;jessica_carroll;f0d7^%7qtxND
הדס;פלג;vanessa_smith;YKY@3eJ*yK32
מג'ד;אשר;jocelyn_lester;qDZzb$2#L3KM
עילי;אגבאריה;valerie_bass;@kYh7CUQcPs3
חסן;גרינברג;jeffrey_miller;63#U&EwMpl1D
איילה;הופמן;anthony_tyler;QC!1wfr!vuAS
אלה;אוחיון;tiffany_wells;G!ckQ5h*GCqI
ירדן;פרי;nicole_shaffer;sUC#9z*qB*kq
ליה;אסרף;jonathan_mcclure;cBM^t6@s94lo
רומי;יצחק;christopher_sander;SF^u7dTlgQFa
יואב;ניסן;travis_caldwell;Jo%75rZ#oP!U
ישי;הירש;kristina_proctor;6UAf@5PD%2p$
משה;בראון;sean_marsh;uQfJyNrc7^2n
נאי;זילברמן;michael_cooper;g6KnJg@JA8za
אודל;בראון;sandra_clark;UsaB*jlQ9pQ7
אפרת;פרנקל;steven_perez;EV$mCH3ptais
איתן;אסולין;david_fernandez;!W1e0NaE8Ku7
מאיר;אהרוני;heidi_carroll;vJ04*DP*EBkQ
מוריה;יפרח;sharon_pittman;Jo*lo6XYQP2S
חיה;זהר;patricia_campos;OB4vJ!*4k2lS
עדיאל;לנדאו;melissa_peterson;ThF!7jByw&2G
נתנאל;לוי;john_perez;ABi!h6sYkw^V
חנה;סלומון;laura_stokes;y6!bj9YQ1o@g
לינוי;אוזן;katherine_mcfarlan;OgsB6cq!dCgC
עידו;תורגמן;michael_hudson;#mr^&7q67jyE
איתמר;מסיקה;jason_scott;iKbL90^#qkFD
עלמה;אברהם;samantha_parker;%*M%QhWb%1L@
שירה;יפרח;monica_gillespie;H!qLUh4%HCHz
אלון;פלדמן;renee_rubio;0J0t%Bwws9oe
יצחק;אמסלם;ronald_morton;%c@qjO3MV6pp
נויה;לוי;jennifer_hill;0qLtK%iEHksd
סופיה;אסולין;jerry_williams;MI!I9wjJ@v@F
הודיה;פרידמן;madison_allen;XctM3fgK8#0%
רוני;נסאר;james_diaz;m*p92#TzD0l!
נתנאל;שפירא;william_mccormick;1V*GVbbzrD3q
נהוראי;גאנם;dwayne_grant;KIHW1AjZJe!6
אלעזר;סלימאן;dana_dixon;i2PmYBg&IV$q
שירה;טייב;jason_rogers;&K!h#HxPDr0z
יהונתן;כהן;tyler_gibbs;8DuHi5RN!qhp
אברהם;כץ;peter_williams;63M28lp#M%uh
ארי;לוי;victor_hunter;BF9mqra3&6v*
עופרי;דרור;jacqueline_cooke;i1d@ZC&ZxyvV
נאור;יחזקאל;michelle_blair;cwNy^mw409TQ
גבריאל;עובד;anna_thomas;*9wU#Ah2i5Qb
אברהם;מרעי;ruth_johnson;g!*V!Pb2BtEA
עמנואל;סויסה;steven_stewart;K5XgoG!BdeKK
לביא;אבו כף;alex_hunter;FowVEw5@$sgO
שיר;דהן;cody_figueroa;vp1$KT#he^o1
עדי;אוחנה;robert_may;0xWDCkUCgDf^
מיכאל;טל;kristen_padilla;8p^zdvYUt^Di
רפאל;רוזנברג;sara_cole;lCkO@0pW!93$
ינאי;ויס;sandra_carson;44pY%obXGK7p
רות;כהן;tamara_white;RLQX9%otr6DD
בת שבע;דוידוב;emily_thompson;uj!7Hb$hjRJz
מרים;הרשקוביץ;amber_simmons;IWkGi2&3s*ch
אורי;רון;jenny_cruz;hJ9vbgjPV!5W
מאור;כהן;ricardo_allen;zVt80w&R3TDa
נעמי;סגל;jason_christensen;gxSJ#GGiCs7f
מרדכי;צברי;evelyn_sims;28GOJzjR3w@3
לירוי;פריד;anthony_jones;z22!bhdQ9FNm
מירא;עזרא;angela_massey;%n^3j9ZTMdfn
דבורה;נסים;michele_davis;S*ERi7VT493%
אלימלך;מרקוביץ;sarah_brown;fLMb62GW%pzQ
שירה;לוי;elizabeth_holmes;p3&Dft8@H3zS
רחל;גאנם;michael_le;C1Ql$h&mdL%$
רוני;בוחבוט;robert_orozco;xi%M0LDhc29n
שמואל;עאסלה;austin_griffin;r2e&^3Rr%zz1
מאיר;יעקובי;joseph_salas;fT^tQtXJ#03w
ארי;חמו;carolyn_dickerson;N@5^A3HX^9Jj
ירדן;מחאמיד;joanne_rogers;FGxisCokE&C1
שי לי;הררי;jaime_chapman;&nJ9X9b3gNmE
מלאק;רוטנברג;keith_henderson;Hf*yCW*j!5Q@
משה;יפרח;summer_cantrell;Et3MhFU9Cm&T
צבי;מימון;michael_garza;T^ZZP%f9&sr6
אור;נוימן;crystal_waters;1Y6gXi%zfMHE
ליה;בן דוד;janet_everett;pmVKSyX@TQ6*
עדיאל;לוי;rachel_rogers;5KcB1h2yy!s5
הודיה;עיסא;brandon_wong;QByZ99W6RnB@
אמה;אזולאי;crystal_wright;*OiF^9sQZYr@
ניתאי;בכר;lisa_arnold;SYrR@z05Y2kI
לין;אשכנזי;jesse_clark;sJi&7VT3r6sG
חיים;בן דוד;tonya_warren;WpKA%!fZ#1%M
נגה;רז;phillip_potter;62I0#XO^ggCR
יהלי;אדלר;melanie_thomas;&l34I7EO^lYQ
אברהם;אסולין;lori_morgan;zK5mMOY1x&^!
יהונתן;גבאי;dawn_glover;#KKZsxX5^ECo
רבקה;שגיא;michael_morris;pju4N^S*fHEZ
יהונתן;רגב;morgan_jackson;zu3F&Pn@HpuR
מוחמד;מאור;susan_miller;BqPN*5UVyr4a
בנימין;שלו;katherine_fowler;@5P7QmgT&ENh
עוז;אלקיים;lisa_brock;qZG1kvSxR5H^
הילה;סלאמה;natalie_francis;q6CMV#!bvcMO
רות;אלקובי;ryan_patterson;37nn^2N&wEiw
עלמה;עאסלה;ashley_ross;Wj2MW&!WJzka
יעל;שרביט;erik_pearson;wL!M7XlxNtA6
אלעד;פרץ;amanda_douglas;ZLzH0BLD*3Qv
מרים;דיין;laurie_parks;ld6%D&oYYglC
מתן;ארז;tyler_brown;rsVkVxb#E4xj
ח'אלד;אזולאי;mark_nixon;$Rnv!*S8Yep5
מיקה;יוסופוב;linda_perez;ckd6E4r&k@VU
הדסה;אוחיון;kimberly_kelley;p2OgDx$^x9Q4
מוחמד;ברוך;gina_brown;L9wB&Y^3h2sx
פנחס;שורץ;tiffany_burton;rw0&0FxtN8bn
ליהי;מסיקה;alexis_young;#Y06NFe3&cBo
שני;מנסור;troy_shaw;SG5^vOej%K^1
עמית;אזולאי;joseph_quinn;OTKQx*#82@Jr
עובדיה;שבתאי;emily_barr;kxjVe@yJguQ8
יואב;שורץ;annette_martin;kCh3so6$z@Mj
אבישג;יעקובי;jordan_christensen;#&GT9BuxX8$&
ניתאי;לוי;william_esparza;&J3L3$djI8HS
תהילה;כץ;sarah_smith;vGhPfE5@8pA3
מוחמד;אגבאריה;taylor_greene;SQI@2kWNh*6M
נופר;עאסלה;sarah_reed;z#MJkv3hq#pc
אלמוג;פז;darius_brewer;%d88FbT%c0NE
איתי;דניאל;david_lopez;eIZnO@$IcSe6
אווה;אסולין;shawn_richardson;ni0^r3%X*cvK
מתן;מזרחי;angela_fletcher;v$#K6RLB01ri
הודיה;נחום;emily_morris;xA&4M9SiW5h@
אדיר;שמעוני;april_foley;lWF1jEh&6DVG
נחמה;מחאג'נה;gregory_nielsen;ANXI5iK#Djnk
אליאור;חיון;henry_williams;#4emJc^jL$s4
מתן;עזאם;anthony_boyd;#mnIDvCiO89X
עופרי;סויסה;cheyenne_medina;SeP@5W7#Z0CN
מוחמד;בוחבוט;gregg_schroeder;s$v3&kN00zRt
מוחמד;גולאני;beth_davis;ut9aUmI61$aP
יהושע;גדיר;david_lee;K9*woL9kW*&h
תמר;מחאג'נה;james_holland;#6wN$2t9qiYB
יהלי;סופר;raymond_baxter;SiW@v!Ga1nA2
אבישג;שמעוני;morgan_alexander;@cgA9#qtaxpN
חנה;כהן;debra_morgan;$A5%x&3x%*ZJ
אדל;שטרית;sara_clark;bU6zXmw&%h5Y
נויה;שרון;scott_beck;v8#M#CY22$5X
עומר;אלטורי;janice_hart;9yy5Fv*VOqvx
אלמה;גבארה;christopher_robins;b3x3vGM#9K$m
טליה;שרעבי;angela_boyd;CZE9xS$17&ST
אביגיל;כץ;robert_young;3hpwOBCm!o8j
הלל;סלאמה;craig_smith;$R*B2dM%L5Zf
שחר;עוזרי;sherry_serrano;nVqepLhV^5uC
שגב;מזרחי;nicole_snyder;Nf9Sx0cy@1HH
יאמן;צדוק;erin_miller;HLc!&V6psQEX
גזל;חסון;linda_gonzalez;qYtHkL8f^r8o
מוחמד;ליבוביץ;debbie_shaw;Q9WObd^&kNwe
חנה;זהבי;todd_mejia;Yoi1D$Lm!6H2
ריתאל;ישראל;robert_wagner;*6%0tk3%HdOD
כרם;גולדשטיין;michael_carpenter;*$s@6Wu6Kh5L
עופרי;גור;cindy_henry;c$72kqRNeMCH
טוהר;סעדה;linda_smith;3fo^ec7yHTK&
מוחמד;יונס;robert_torres;EyVHa$dPek75
בת;אהרוני;katrina_hall;Yd&7vfq3Xsi*
שגב;הרוש;victor_blanchard;lbC7g%EBzQCR
פריידא;חן;cynthia_young;1U1JT*4PPuB1
יצחק;כהן;elizabeth_olson;GH#8aJ5ZS1@d
רחל;דראושה;christina_martinez;BGN32&5CaFVv
מאיה;מזרחי;thomas_jackson;rZ4g^Y15WjS5
נועה;דיין;don_stanley;Cc#Ihq1$z9Zl
יונתן;גדיר;isaiah_booth;7xtlJrB@JMwj
יפתח;אברהם;sandra_frost;LMTR7sc9c**J
יונתן;דויטש;sandra_pope;bi^w1Xp7F!af
נתן;רבינוביץ;carla_fox;s&UfF9vD6igx
עוז;יונה;heather_walls;6Ham!Yox0Em4
חיה;אמארה;paula_wade;$xYvF9O!3EkR
פרח;ביטון;kim_miller;7Ty7X4*MD2*6
שיר;מרום;john_moreno;3rH#VNl10!wP
מרדכי;אלוש;christina_lee;9zRrLV%Ij0Tb
אביגיל;דדון;phillip_garrett;s5!w^GBkmNc3
לביא;חזן;allen_levine;W%64X8p^5ooc
נוה;עזרן;katie_french;Pz&2S1diZB%0
נועה;נחום;richard_hancock;9Nh*Qr3E^jqP
ליה;אבני;eric_chambers;iOWAw1*bP4*$
מאי;רובין;kayla_mcclain;B056sl!LhLw*
לין;אברמוב;sarah_jimenez;7wb#JXUnyH8%
הודיה;אשר;peggy_frey;B*B@EnQzB66w
עומר;אברמוב;sharon_dennis;$K6r!G*&4nSc
איתן;כחלון;brett_burton;QezRsOsc$W@4
רהף;אביטן;rebecca_turner;D5Z@Wyi!jIeC
אופיר;נגר;belinda_beard;izqNvf$B4C%r
רים;כהן;michael_reyes;vY#cbx9Ow7p0
שרה;גדיר;jennifer_spencer;7ALk#j!7dXh0
יעל;צמח;david_kim;8Xc1rogK30H*
יונתן;אבו כף;lori_ross;IbICTo$c*1Px
אלין;סלע;shane_fritz;2J1EbA!NuFWB
שרה;יוסף;patricia_holmes;!o76ag*^y$G4
אלון;מוסקוביץ;samantha_allen;Py2F7$rrYDd9
איתי;סאלם;cathy_schneider;N9M&%Jli7@k&
לירון;גמליאל;michael_lane;!I1P4ZjVvRh5
בניהו;אבו אל היג'א;luis_myers;EXR9cMb!yD@F
אודל;בן סימון;jodi_johnson;8E#D8R3Z@3Zt
עלמה;אהרוני;emily_miller;YEOwa*L51mlH
ישראל;יוסף;kevin_olson;IXTh5M14t&te
טליה;ראובן;destiny_rios;V@MoSB1vI%qv
אורי;הרוש;joseph_anderson;E@@T936xlT28
מאי;ברגר;daniel_leon;n@q!GLnmW48J
מחמוד;מועלם;eric_jackson;$nrWMNq*n^J2
בת שבע;פרץ;natasha_santana;uVWiY9&msnFF
יצחק;משה;richard_copeland;b3$QR*vsw1LM
דורון;נוימן;kelly_riddle;Wj9fo*bB1*HO
מרים;ג'בארין;amanda_johnson;0ys^a8YY&axi
אדם;ח'טיב;brandy_adams;g#5$SpSFJF8e
אדם;פרקש;michael_herrera;NLfkV^EDce8U
אביגיל;נאסר;larry_barnes;9lCeRm9@%1AL
לני;שרף;kevin_callahan;o&lWG5iCN8c%
אהובה;שושן;natasha_bridges;G3otl3lxip^6
גבריאל;שיבלי;anthony_bell;iO6CDV3!F#r^
תאיר;סגל;kristin_frank;t#C8XOXTfEk2
כרים;שוקרון;joshua_ramirez;S3ITnX4lluF!
דור;בן חיים;renee_riley;eT2WW7C%3kNi
רוני;חיון;diane_arnold;0Tr8POeN$otf
הלל;צברי;jo_winters;mYcz$IJv6$@3
הענא;מטר;john_chan;%4mT17$^seY#
חיים;גנאים;todd_frost;w#i%FMd7$g6i
ג'ואל;בן חמו;cody_anderson;zQ4vSpNiQx&Y
איתן;לוי;virginia_watts;2tA$RQqpQzYl
אמיר;גאבר;larry_baker;7!lxO9zm8QyU
לירוי;לוי;shawn_jenkins;9vWy$a*7%WDz
אלמה;אברהם;justin_wyatt;#TbXi3LU!IDJ
פאטמה;חיים;kendra_jones;8DL7g3tO%r4g
עמית;סימן טוב;elizabeth_olson1;MFc5l$x0e&XH
נתן;זיו;patricia_hall;@%8nI1Eu6V!g
ישראל;לוי;gail_buck;q25N$inQ2yRT
נעמה;שכטר;marcus_fuentes;^@2&sdCbL0k8
קארין;רביבו;jenna_holmes;pxYtI$2sqTB5
חיים;חזן;timothy_kelley;qXtz6tBI11%3
איתן;כהן;kimberly_day;xdmS6%K3SI!9
יאיר;קאופמן;joseph_byrd;%k$Fio1dL@4d
לירון;סואעד;laurie_smith;bcT5tUh!%6!9
אלרועי;יונס;nicole_gardner;8^s#Le1q@^kT
יפתח;כהן;april_mejia;K$wVAus7H1eJ
יהושע;מוסא;chelsey_jones;T65GcOovMW%$
אנאל;טאהא;tanner_reynolds;OKtKa1zL#WlK
יהושע;בדארנה;robert_baxter;Iv@skNO^Ft4!
דניאל;ביטון;brenda_parks;8DCdITd!D6$f
נדב;לוין;olivia_parker;5UYiq2#nq^h8
יובל;מנצור;ashley_white;0KMb$OQ0JT^2
עמנואל;אוחיון;daniel_schroeder;J%7eAo0vnWC9
עדי;שטרן;sheri_lindsey;cN1@$cjwCguK
שפרה;לוי;erica_campbell;SUgxxBSu7!GW
גאיה;ראובן;christine_vasquez;^**RoIuLE2!c
שירה;ברגר;sarah_lester;OwxBjw3tE3J$
בילא;ליברמן;christopher_gilmor;IZU9L^rwTq#r
אבישי;מדר;jason_mccoy;kp@ce79Qs@ZD
יואל;טוויל;benjamin_jones;444gUZYHn$y2
הודיה;אלבז;lisa_evans;!pzLq8ZOck!J
ישי;דאוד;nathan_green;1aCHq&DH5XCH
בלומה;ח'טיב;scott_evans;92vC#AldvOnS
אודליה;ממן;lisa_stevenson;68hTB!#7Vuwq
יעקב;זועבי;craig_moore;r60H^&!hAJ#^
אדל;גאנם;jay_moran;CD%9h0*h#n!e
עמנואל;ביטון;jeffrey_richards;Ddf2ij!CEAJb
מיאר;לוי;raymond_williams;5YxbI!d#*2X2
ליבי;סבג;patrick_gomez;%Iugm^@ReYM8
יונתן;אזברגה;eugene_arnold;lAmhs7D*da0W
הראל;פרידמן;valerie_ramos;KsZs&yk^h5er
אמילי;רוזן;victoria_moss;sf3L97Qx&Ks7
טליה;גרינברג;stephanie_becker;!W0nB@4jhcPX
מלאכי;אבני;rachel_strickland;*9yTv$94Z5RM
ליאל;כהן;linda_garcia;Y%8FydvXiYeG
ענהאל;עומר;hannah_gonzales;5$3n7rq!Edbr
הילי;סבח;lori_perez;tIcAnhS99r@z
תפארת;וייס;matthew_williams;UXDCB^@0r5z2
הראל;סרסור;laura_pollard;c#PU^zyE#M8!
שלמה;בר;heather_kelley;Zhnu7619wp@N
נעמי;שביט;sandra_garza;8DQZ42&ZoZm#
אלישבע;מחאמיד;timothy_harris;9IBnJo%a8WsR
איתן;שרון;robert_rivers;5vDen1^tErg^
תמר;קוגן;maria_price;YwJjS4r#R3&c
איתן;ישראל;carl_aguilar;x8h^i5nPUgAv
נועם;ויצמן;ivan_andrews;dFS8X2&2uz4X
סול;גבאי;amber_ramirez;6OG!sp7tU$RC
מוחמד;עאסלה;barbara_lane;LQVcNNw^2%RD
רוני;לוי;mark_boyd;!fIX4zOzZwax
אמיר;ג'בארין;jacob_smith;4qc*IVYhWLia
שלמה;כהן;nicholas_allison;AL9H*DYu%MjW
עידו;נסאר;matthew_huffman;mzO862SLK$A7
אפרים;שורץ;annette_duke;cQGVooX558&$
יהודה;לב;steven_ortiz;$tf^g5Ed*beu
גלעד;דביר;todd_russo;@5pSOTdM%8c%
יסמין;דרור;julia_potter;56pf1k^orYyp
אילון;דהן;nancy_lin;EV0oXh^z^4Dc
רימא;סרסור;rodney_jones;@i3h@6Wot4xy
עלי;אשכנזי;mark_robinson;O#Tt46twTiOq
מעיין;אשר;john_little;by8@ERWeJLTy
יהודה;לוי;karl_leon;cjOHcxP#@1T!
תמר;חיים;christina_watts;O@ZRssm1D2tY
אחינועם;זועבי;wendy_lang;uOEYi%xVCqR3
דוד;סלימאן;mary_gonzalez;ZyII&AcO21j0
לביא;אלון;kelsey_ortega;#5Wb4wQRRjO1
כרמל;זינגר;angela_rodriguez;^r04t7$bvyhW
דוד;זועבי;paul_peterson;5j&1mxEQESYY
מעיין;טל;rose_kennedy;5Ob*$62blvPe
אנאל;וקנין;daniel_white;ewF1Dg@8HyCF
בת שבע;רובינשטיין;shelley_russo;!J#Ik4x0Gp%v
אופיר;מוסא;james_allen;q@b295Yk4JI*
שיראל;עובדיה;leslie_snow;fRDo4cjeX*kM
מוחמד;סבג;noah_hamilton;9bB4S#mo9#BX
לביא;שמש;gabriela_murillo;r#o0q!QVeZib
שיר;אסדי;alan_hendrix;2**72kGFw3dG
בתיה;כהן;brian_smith;jht011G$cWcx
רהף;גבאי;donald_callahan;@j5DdT0Fq6ia
ברוך;בן שושן;robin_obrien;Trv3&dn5S4TL
גלעד;פישר;melanie_smith;!P!nNF6T@TSe
אשר;שחר;karen_foster;pX3@7p#%xYMd
אברהם;יוסף;michelle_stone;y2K^LWm$9xuY
ג'נא;גולן;anna_jackson;l@PNlT3F$mVP
נגה;בן דוד;vicki_alexander;L!5#1*lmKOwG
דן;דיאב;megan_joseph;Mrz&UG7G0@bi
רוחמה;פלג;aaron_martin;k^d%X02niV6t
ליאן;ברוך;jennifer_wilson;C0UhusR*h9to
נועה;עזאם;michael_adkins;PR%TtJcLP8L2
אברהם;דרעי;elijah_smith;J7G0G8Pij9%@
בילא;אסעד;ian_moore;4HSayg#Val#Y
יונתן;שוורץ;matthew_andrews;32r%avFKZ3^f
אהרון;כהן;barbara_johnson;*Kh21@Ck66rk
רפיף;אביטבול;frank_reynolds;^Ia@BvS5l$gb
אסתר;מזרחי;larry_daugherty;ZL#N*!iR%XW8
איתן;יעקב;sherry_mitchell;*ZPL7p@#8pmi
אימרי;שחר;tina_dixon;2WkcAn!MGlCq
עלמה;אופיר;claudia_cross;@*#0IjIiNhI9
אוריה;עווד;dana_carter;@3bu$B^z3zpW
לאה;אורן;candice_chan;IIViAM4uwza%
חיים;כץ;joseph_lang;#f2Hi2@o8k4R
סול;כהן;austin_young;8C^vpd&fmhj%
יעל;לוי;jennifer_munoz;hD%m!wTT205#
רועי;אבו ראס;michael_smith;rrfar*6b6*LN
אלה;נחמיאס;julie_turner;5X7i&14#adYF
רות;פרידמן;nicholas_martin;n&8XPk@eb8^r
איתי;מטר;dennis_arellano;ZKv%dZh78q1O
לאה;כץ;xavier_becker;6z665lX$CmCz
אחמד;עמר;mercedes_galvan;zf%z6FSuVu!x
בנימין;כהן;jonathan_ryan;H01T0*1xd%A@
רוני;חזן;kimberly_chambers;$GdR0aRjt@6C
הודיה;גולן;donna_lyons;t8j@#STRH^8l
אפרת;הראל;roy_quinn;3rLZr@$opgEz
נטע;גל;james_walker;yw@CT86tBJqP
ברוך;כהן;david_lucas;jmg!gQ%w4Y5Y
טליה;זוהר;david_scott;2f4mGROI#ear
חיה;בוחבוט;christine_wright;tNVN%Rr^W648
שלמה;נחום;jacqueline_richard;!M4lKB4nzB&o
אחמד;פורמן;samuel_tran;pKA5S1@UBMx8
ענבר;אביב;sara_fuller;IVdb%9Avc12G
הודיה;תורגמן;stephanie_cruz;qvc448vNl@%c
יערה;פינטו;kevin_hughes;%FEqYatu9p7D
רומי;אמיר;lisa_lloyd;Q@Oct4wl8uCi
פיגא;רוזנברג;hailey_dunn;S!$sW@iMg30o
עמיחי;אברהם;stephanie_williams;!jl%hCsMZY6p
מרים;אוחנה;caitlin_barber;1A@iobSmE!ng
אסיל;עמאש;derrick_bolton;em0&AuaRp8C2
גיטל;חזן;susan_freeman;1v!q11YJJley
יאיר;מחמוד;hannah_roberts;lkcS0oh*aZ7I
מוחמד;סלמאן;stephanie_mathews;GC4#uPda&Ezi
עדי;דהאן;brian_haynes;TaQ%qXXZ!Z%2
ליבא;מחאמיד;david_hill;ksG77P5%I%lL
אוריאל;אשר;tyler_love;Zq%0X5Rku@xI
אלמה;הראל;victor_morales;$UFqb0bFGvRY
יהלי;טל;michael_morgan;hX#@83qN0vkZ
עופרי;פינקלשטיין;cynthia_lopez;CYc4TQ#f9!9*
מאיה;יאסין;brenda_barber;IXw0@^J66Va*
בת שבע;יעקב;cassandra_kane;pH9o8P$XMixx
שרה;ממן;amber_buck;d*Nxk@NQj4iT
מחמוד;סגל;stephen_smith;g$!QxX6&iCSt
אביגיל;סואעד;scott_wade;6x5xET%ibf^c
אלין;אנגל;stuart_flores;^4&eMmGAk!Xv
סארה;יונה;crystal_brown;F20v4ceU@215
אמה;ניסן;ruth_warren;oWf$C6m!0C!b
אלישבע;כהן;michelle_peterson;#h6X4G65oRRm
אלחנן;רבינוביץ;daniel_evans;9*6H&z*A8AW9
רועי;פולק;michael_pineda;LElX!z@@g2w1
מוחמד;טוויל;emily_scott;Y6V7Jd#P$Zay
נגה;עבד אל קאדר;jennifer_gibson;hp8uOy%HkCC5
אופיר;יעקב;mary_weber;2*z*ccFMYN2L
משה;טוויל;rachel_clark;u&PJrgVxMc26
אדל;מור;julie_black;f2A^EUgB1eJu
יעקב;דדון;kelsey_smith;H99d$&00#0cS
מרדכי;חביב;benjamin_warren;d6R8p46!I3@U
עופרי;גיל;holly_hawkins;th53^W#L9BYY
אלעד;סופר;kathleen_cooper;e3BrR*l2RM%E
תמר;שחאדה;alyssa_jacobs;5&KntppoW#NF
אסף;גוטליב;michelle_hicks;EsQUpS8!dUL!
ארז;מכלוף;kelsey_gonzalez;md2FXm$trlhR
איילה;שור;gary_harrison;R7*n9lg7Tf#R
משה;מלכה;diana_walker;mUwZTsnS%1bY
נתן;כהן;theodore_roberts;lDr@C$8c51#x
יובל;פוקס;virginia_shaw;#oQ@$5X!PT$s
חיה;ח'טיב;nathan_rivera;mvqN7dA$NFej
דוד;מור;lindsay_robinson;&cJ2AM35*wR!
אמיליה;רחמים;jon_kane;QI2MPc*8u3D5
אחיה;הלל;jessica_thomas;!bB0DkO5m4Je
היילי;קליין;jamie_griffin;sR@D3mF#y12X
ריתאל;לוי;michael_lopez;IADylxk&8w%a
טליה;עבאס;cameron_yoder;8c$1@HoWM@Fa
אלישבע;דרעי;jeffery_thompson;N0QjRhq^m9wn
חיים;אמארה;aaron_moran;eS9IYtO@F1Ja
שמואל;הראל;tyler_vaughn;r4$%vvjBwi6k
שילת;נחמני;robert_russell;R$4qcG6w6vQx
יונתן;הראל;emily_morris1;2&jRiCZzmN@8
יעקב;מחאג'נה;kenneth_cox;1*zn!Vsw$KnB
דב;כהן;caleb_villarreal;VxCbTl8GGy9^
בועז;שטרית;sara_jordan;9ox5!Za#XFIA
עבדאללה;סלאמה;daniel_waters;@8@6RmK@zxlz
עבד;ישראלי;kyle_ford;cXVpjUa6^HnE
שלמה;מלכה;christopher_ibarra;6bUy*f1ZP4Qr
כרמל;אפשטיין;michael_torres;EaSt@ICv99E#
עמיחי;בדיר;amy_wallace;WvW0M7LzFxr$
מוחמד;אבו אל היג'א;janet_george;lDvJOwdy#E2&
נועה;לוי;martin_diaz;*nkZFQvbQE!1
עופרי;ברנס;jared_wilson;MMAuI21^8ib^
ניב;אשכנזי;lindsey_clark;d20#cUvn9Sid
מוחמד;גור;elizabeth_hanson;v95m%9hC^vCu
אדם;בן יוסף;amanda_hopkins;0M^pr*gmQHR3
מרים;שלום;shannon_dunn;^R8VwHOaOG$7
חנה;ברמן;charles_barrera;MRHZxt#*S52U
הדס;פרידמן;amber_hernandez;%ExU3W2NzQy9
תהילה;פרידמן;kent_leon;Zic9$h!OhYY9
אמילי;וייס;sara_beck;X!IM6E72c1cL
איתי;שלמה;john_wilson;zI9HtjJf8hp^
הודיה;משה;jennifer_branch;N5Eu$Em^AQ27
אהרון;נוימן;ryan_taylor;!r9q%gxNaAtY
שיר;טל;jimmy_harris;%&Z#C@RLp#8o
אבישי;דאוד;taylor_carey;j*4N#Cx54AL0
אביעד;פלדמן;wendy_mcpherson;#UlC%WLEA1HC
ארבל;חזן;alicia_farrell;ern4$x%Jt%NI
אברהם;שרון;tina_young;r*VkYE7UhCP%
לין;כץ;robert_holden;9RD9QkQ8J!Jl
אליה;אברהם;luke_hernandez;UBkmNsPe&8vA
תמר;עמירה;courtney_johnson;xNQZFuE^0Tu!
מאיר;מאיר;lisa_vasquez;MOdhF13Z*bnA
רוני;כהן;beth_james;$ge2oGORd82X
ישראל;דבש;trevor_farrell;ZhSSDjl^^1o5
גיא;הורוביץ;nicholas_dennis;@i0CqBJAkJ&0
אליה;ברכה;lisa_chen;6ma3A!IBKuf@
נועה;ביטון;nicolas_moreno;k1!2vYFcKtO0
תהל;כהן;shawn_davis;!Gk0cB$s6h65
מוחמד;כהן;marissa_lane;icFcD!pv657b
יהונתן;שפר;michele_kennedy;jJi09POP!ud!
ישראל;כהן;todd_hubbard;m7s7qb*JCy7q
רות;ליפשיץ;angel_pope;d@@&R6YM@ALv
גאיה;דהרי;brett_collins;&@b7yJZeobt1
עידו;שחאדה;jonathan_thomas;J25^MfWHr!Z4
איתי;וייס;tammy_thomas;B^&xB1dFEA&k
נעמי;לוי;kristina_levy;!24*t!GVI#Y*
איילה;דוד;eric_thomas;hiSS%lV9qtSf
איתי;נוימן;todd_lee;@gwUO64s9yEn
נוה;ויסמן;kristy_wolfe;8MDhM*rvl3$^
אבישג;בקר;katherine_ramirez;5%Qm@i2c$mRi
אביאל;נאור;kevin_white;7S^Z9ESDccK7
מחמוד;אגבאריה;benjamin_murphy;T7T%gioVUA*W
עוז;פולק;kevin_miller;fq1%QIpVc&N9
אביגיל;בוזגלו;mary_martinez;$tMUkb21LB%G
אדל;שלמה;matthew_hayes;E0w@*P9AF8ii
איילה;רגב;mary_peterson;sKuWY^9G3zXs
לינוי;בן יוסף;edward_foley;0w8%P#gwXPRm
מוחמד;שרעבי;troy_smith;Z%M2FCxZ5arh
יהודית;יונה;tonya_bruce;vyl4NB&g9ASb
שי לי;עובדיה;alexis_hamilton;5*ZZqH$TYJhW
דוד;ארז;jennifer_estrada;V08uOct@7pkU
אביגיל;מויאל;dakota_hicks;#COMw&kfGtZ1
חיים;אהרון;michael_wang;6Kls^HMK0mK$
אלמוג;חן;todd_sanders;Z6mR^ac3y^1a
חיה;חיימוב;christina_chang;4vC5lcp7AFZ*
אבישג;לוי;michael_hunter;Sn7&&0CIUe&n
איהאם;פישר;gordon_patel;^La^KslBg8c4
אחמד;מזרחי;alyssa_lopez;#D93*ugl*^9C
תאלא;ח'לאילה;sherry_mills;UFGO6gN$n7a3
מרים;כהן;brian_buck;!p9FWrh5Ce$k
ניתאי;פלד;amy_durham;iY8OV8pL0H^^
רבקה;שושן;stephen_bullock;$9l4SFPrdCN$
שלמה;ראובן;lance_weiss;@@$QSEZD7W!d
תאיר;עוז;david_oconnor;W*3%^SY#llps
שירה;ביטון;kathleen_ramirez;@9Qnfz4uhN*m
יהודה;מנחם;danielle_robertson;6oS8gKU$pnEU
עתי;פאר;joshua_davis;zJj&0FZr7K^&
דניאלה;עובדיה;andrew_serrano;wPgjj7HK9D%2
אדל;אוחנה;john_daniel;!wD8#Hx7%mkI
אימרי;אסולין;sharon_ingram;bi@iuq2DtH80
שחר;טויטו;katherine_walter;^2sHPi6!H3nq
מיכל;חמו;leah_vaughn;v$xZDU8#V!kq
ליה;כהן;michael_rodgers;$@SLstvE6tR5
רוי;קורן;jeffery_ortiz;Y#g2b*23X&Qv
מוחמד;שוורץ;nancy_hall;EgL&J#4sm77t
ראובן;ח'טיב;steven_rodgers;jC03mi*9nWc2
יצחק;להב;tammy_patrick;dZtI5eYR&#^T
מחמוד;כהן;melissa_riddle;5gD3R^PbKa7E
רבקה;כהן;jessica_guerrero;7mZn22E6C8^U
רוחמה;ביטון;monica_ortiz;U9sm!kWk8xu@
אלחנן;מסארוה;jon_holt;Zukc8pd6L@$5
נועה;אשכנזי;kathy_ross;8q8Y4h4*8G0J
אריה;קפלן;lisa_nicholson;B0cjTHUil#h&
איילה;כץ;catherine_donaldso;07M51lZz2Ag^
חנה;אמיר;gordon_khan;Ve$#2%beG4RA
משה;אזולאי;ryan_adams;QWsh$Z&tB0Pm
אהרון;עובדיה;kevin_anderson;Q*EO4b1#sakO
ליהיא;כהן;kayla_huang;lsLict!0FP3y
עדי;שרביט;juan_stewart;Vq*v^6ASfbpH
חיה;נחום;eileen_nichols;HvSt4NoIlA3&
גיא;פרקש;elizabeth_stewart;nC9dFH06b$yx
טליה;דויטש;benjamin_ross;8a*R*7nEXoKb
מאיה;נאור;william_hodge;KI1uK$E*a5pY
רינה;ג'בארין;scott_rogers;Zg*H5FJPlJN1
ג'וזף;שמואל;kelly_gonzalez;$3D3poGEBj!$
אליהו;חטיב;vincent_baker;nMO^61kvR!t6
סופיה;גבאי;christina_mora;M&u*H8qdl0$F
לביא;פרץ;alexandra_jackson;HcPJM9bE$7Os
איתמר;יוסף;christina_brown;4#r$*^#cUCuA
תמר;מסרי;michele_zamora;MG9P#xv1^B3A
תאלא;סאלח;stacey_blair;mJBm863F@Wup
הלל;אביב;kevin_brady;sJ5GfczK@Uhm
רפאל;יונה;sharon_bell;P@2Ww4lD#tn6
נחמן;שלום;sarah_morales;8wF!9ux5Dqb0
נעמי;שורץ;daniel_jarvis;O7*J7I6qMctU
מוחמד;עודה;jamie_rodriguez;icS8b$c@kFMv
אפרת;מאיר;albert_english;NLF&wM#X&gp0
יובל;דגן;mary_bright;94TIcMr#h#Y$
יעל;סלומון;kimberly_robbins;u4ALsk968RY#
נור;שפירא;jodi_rice;Y4HyeG&vTJ97
תאיר;אלטורי;jonathon_bradley;E9xP8j^A!Bv#
נועה;קליין;ann_young;f29WQBZn@g0k
דוד;יונה;michael_james;kCV*ZuUfmO0G
אברהם;בסול;kathy_kelley;OIoVzD6#uOHh
יעקב;לביא;james_green;Wa5#KIBkAmg0
עלי;עזר;alicia_barry;Eyj0m$*SAz9N
יונתן;לוין;susan_west;YEf4s^#w2dZY
יעקב;גואטה;kristin_norris;ja@N2D35FRTs
יסכה;קינן;julia_carter;rdMlQ6%hWroZ
יהונתן;הורביץ;stephanie_fox;PPfFyNI&&Sd9
ליאל;מאיר;eric_baker;MTGs8qq#yEG&
נוה;חזן;jeremy_mcclain;aKbTD%6r%@6n
נויה;רגב;michael_townsend;7Ul0kX5W^vGT
עבדאללה;חורי;mary_fisher;UFZQ^SJy45k@
אהרון;לוי;tina_carroll;i3e&%RlBaO1A
טליה;אביב;ana_dean;nRVtT11j&xQ@
אהרון;שפירא;lori_rivera;fdFF!L8J#4Au
מנור;עבאסי;misty_wall;r92*MDf*4Rtl
אלמה;עאמר;kathy_young;6V#T2vk*q3G7
אסתר;פרידמן;sara_nichols;Q%74fc6XPn!g
עמית;בר;brandon_stewart;3h%JiI45XpD^
ליאן;אטיאס;catherine_wong;j2pB$VxWP8N#
יוכבד;חזן;sandra_smith;4SAgweq1#Z&R
יהונתן;אגבאריה;joseph_beasley;4hE9CrrL5^a6
פערל;לביא;ricky_ward;eWKBgIjH#8^f
אלישבע;אביטבול;sarah_morgan;GPTzsC6ln#WC
יעל;אברמוב;shawn_turner;VoJV0xH8NV!n
מאיה;מלכה;christopher_romero;!aklBKqb0#!l
מחמוד;פדידה;abigail_wright;f5iQYC#NAfWj
אוריאל;עבאסי;daniel_williams;M$6pbB4ZNXW7
יהודה;שוורץ;veronica_freeman;UZSe130qvc#d
אסתר;כהן;elizabeth_espinoza;zKg*eo^r66!@
מוחמד;כהן;isaac_cruz;Qcli&TKeljp1
למאר;שושן;julia_simpson;xXj5V12D#sV@
מג'ד;גליק;john_berg;CxWa4D!KH3f&
עומרי;אשר;larry_diaz;5hrYWC$mg&MM
סולימאן;יעקובוב;matthew_rowe;2p7jI&%QILnV
חנה;טייב;brian_mendoza;@Sj2ylg5cWO*
אדל;כהן;sandra_davis;DD3$L!nYMOuK
שירה;סלע;tracy_gonzales;LnHTWo^x0i$8
מוחמד;מנסור;alexander_baxter;uG^%FT4Y2s21
ירדן;רז;katelyn_thompson;GlOhXIS2xl%&
מוחמד;ג'בארין;steven_rogers;3VnQt7hYO%f*
עדן;אוחיון;amanda_garrett;wB%B%yKYJQ65
מלכה;בדארנה;ivan_smith;Aq^6vTvcxu^T
יהודה;ח'ורי;sherry_reyes;fYij5BAb0Y@C
יעל;אשכנזי;shawn_clark;5GHI9q&VBZva
הלל;שושן;david_miller;XXEXz73cf#xS
ניתאי;חאג יחיא;david_bradley;6MS3kaw!sMNj
רומי;שפירא;madison_robinson;SHW9%U4kJma&
נוה;גולדשטיין;james_smith;7kjx^MERi&^H
חיה;ברק;troy_saunders;OeNLrBJ#5tMo
מאורי;אלוש;alejandra_williams;XXRp*w04wmp^
עדי;אביטל;brenda_payne;2y7HI4BFSH6$
נאור;אלבז;caleb_jones;0W6zh@qEI1P#
שיר;רוזנפלד;sergio_garcia;1J1kpj%%A@qu
מלאכי;אלמלח;richard_guzman;ucY@G&ySMZp6
אביב;אבו אל היג'א;regina_petersen;REXaA*2POYoM
גאיה;חזן;david_nelson;SbhA%Nr3JWdu
לביא;אמארה;tammy_patel;GtY0PY9mp*Af
חוסין;שרף;ashley_barnett;KcqcC70u@ZMF
שושנה;עמר;brittany_barnes;Le38ACd!4Fxs
אברהם;לב;ashley_black;6nvZ6oK4S*wZ
ליה;מלמד;brian_williams;kC0Aro9T1#h7
אסיל;בכר;cole_carroll;#oBeAE6nXW#g
יעקב;לוי;selena_smith;w%jLMwcU8AUy
אורי;אליהו;michelle_daugherty;$C%&66DoNJf#
מאיר;ברגר;gary_salas;mgUu$7h6n65z
איילה;מזרחי;emily_lewis;fzIS@3n%nfBB
תמר;אמר;diana_benson;y@UC!Osa*Z12
אגם;ארביב;sally_williams;I!thy25GNAnA
יאמן;אלוש;kenneth_murphy;7xsFx^W$x!D3
מיכאלה;חביב;jennifer_gardner;IPLVFomj56%&
גליה;בן דוד;tina_white;bxI@of^2gL4B
אביאל;עובדיה;judy_ryan;YPFpmtN*1$0F
תמיר;שפירא;adam_wolf;*z8rwJX4pD9W
מאיר;רז;ashley_gomez;M&b0O50tdFNy
ליבא;חן;michele_wells;bIjO#r%hWf%1
נוי;גוטליב;holly_cox;L4bCkpG$%16^
ליאן;אזולאי;martin_keller;J5P#LE$R@cYD
דוד;דרורי;amanda_burns;tUGerX2OYcY#
נטע;בן לולו;teresa_hardy;7*JDQ8xofj89
איה;שור;jessica_preston;#qii%EIQd7#L
שמעון;ותד;kyle_brown;FU8pk^QW$aD8
אברהם;אבו כף;mark_lawson;%U2eVW9%b&BQ
רחל;דוידוב;tonya_moody;ItEc7Z%Iuu%h
דוד;לוי;mary_moreno;F$7E&Q3z95!#
דריה;גל;abigail_cohen;*$8&e$IjQ4tK
יוסף;בכר;debbie_bowman;V#Ra*Z5j0zMf
בניה;כהן;mary_freeman;2pP!NAPr^EdZ
למאר;מוסא;wyatt_vaughn;46dcbd!dFT^S
מאיה;יהודה;john_glover;SQJ$Gg!Zbi0y
נדב;זהר;miranda_mccullough;G@fNezEa3%an
נועה;שאול;latasha_johnson;nOR$v4GZrKg%
נועה;אברהם;gabriel_johnson;RPl#Q#R0&*KI
נעמי;שני;dylan_lamb;Acwe4yF$jjVS
טוהר;סגל;diane_webb;2w6X&2A7nuJI
יערה;אזולאי;amanda_barnes;#G90#sySdWED
דניאל;גרוסמן;mary_sanchez;@IlUm6ha1%zV
אביתר;קדוש;natalie_jones;*wgOin2KZp5$
ביסאן;ח'טיב;timothy_higgins;u&6^yHqmXEp@
איה;שטיינברג;maurice_williams;sqwC65F1jJ$&
ארבל;פרקש;gerald_perkins;@9Q7WnS!F2a$
דוד;כהן;rebecca_harris;8lBjv0*M85@6
רוני;סגל;mark_holmes;tq@M9ID1te96
אמי;אור;oscar_rogers;GDk8e$*3kT3%
שירה;אדרי;barbara_pennington;b%qemaI6l32S
צור;כהן;john_phillips;hP7j^CXD*n3Y
אהרון;זילברמן;joseph_hamilton;Wy$XVa4VAohK
נתן;קורן;tony_williams;f@UiF4UY*nX3
שני;שורץ;julie_wood;c2se*eV&q97Y
איתמר;חוסין;shawn_hernandez;je1$e99J0hkG
מיכל;ביטון;michael_hughes;XnzBuqN8@MOx
יואב;ויסמן;brittany_hampton;KBhSUvq!zy2t
מוחמד;קאופמן;kevin_santos;nIk5oU4wl0%p
ליאור;שמש;kimberly_daniels;Z6%0oVs5$7@6
נהוראי;אדלר;martin_hudson;yHn8BZb^!6jS
ח'אלד;רבינוביץ;lee_garrison;gE2eQb1dR91@
שרה;אשר;linda_valenzuela;su$$2bP8XZJ*
טובה;לוין;sharon_rogers;iG2BU*yZcSa*
שילת;פרץ;justin_tapia;ukl8Ek$mPghU
רחל;אברהם;nicole_jenkins;SaGL&e@tJG3L
צביה;אמסלם;scott_jensen;&01v*W%Z@8KD
שירה;נחמני;dylan_lopez;0*6TqnY#JQpg
הודיה;לביא;angelica_jones;!JZDoBY1fzSJ
נתן;רגב;kelsey_rogers;B4mlAzJZ#9de
יוסף;טוויל;adam_leblanc;JF2#Uq78$*L7
ג'ואל;פוקס;brandon_mckenzie;uv8wbF#0EJPy
נדב;ג'בארין;andrew_jones;476da$s1dvC#
יהודה;שוורץ;james_collins;TxC2!@lw4Zl6
שלמה;ברכה;daniel_farmer;H9g7tO2Fz$!9
יגל;עובדיה;rachel_jackson;uC91Rqbrk@AJ
יהודה;יהודה;christopher_wilson;buc8!4$PTQf6
אריאל;שרביט;sherry_hobbs;@7BVYiAQe3PH
אבראהים;כץ;bradley_baker;z@!LJ$N1*O#D
תמר;איבגי;joseph_miller;iD*gAalG4Tlk
נועה;אדלר;thomas_page;c@tlL2iKpy0E
טוהר;פינטו;gary_waters;i%%D8y!Ln#Lp
אביגיל;לוי;glen_bass;23JL#nqe3lgl
מרים;חמוד;robert_hansen;9&%vpyXx5RZZ
זיין;יהודה;michael_hobbs;!Iw9b#BrTpRw
שקד;זועבי;betty_cox;JLKN1HgM!^3i
יובל;כהן;jessica_mccarty;XuYGg!5@V%rS
נפתלי;יצחקי;jose_hancock;JH75CoUEL&4Z
אביב;אשר;mark_johnson;CksX#MdEf%3b
חיה;לוי;lisa_roberts;A$xc@nidn4V1
רוני;שורץ;michelle_medina;gS6@qsxBuO04
בת;יחיא;amy_allison;rL$41jEp2ku@
תהילה;צרפתי;ashlee_morrow;EuTZJc!Qq!H0
אייל;אגבאריה;joseph_boyd;1t7MY$&pWh!H
בר;יצחק;chad_peterson;Neh!PAm8Z3dr
יונתן;הררי;cynthia_roberts;MHFU^r9*Um&*
נועה;נסאר;garrett_adams;q2cqYk$H#dv3
אימרי;לביא;stanley_young;O2n5Qj%#Uc8H
בנימין;פוגל;stacey_holden;VfIB@2qfY1!$
טוהר;כהן;kimberly_bailey;KO%qUvdi7CGj
תהל;קליין;ricardo_white;80qP@AjOeQel
נויה;סאלח;julie_beck;TdwYvN*1r6*y
אביעד;הורוביץ;jaime_gibson;p^obGCo%!Sb8
אילין;שמואלי;isaac_gomez;%pc$*HY1UPsO
ירדן;דוידוב;nancy_williams;$!UjVswwqI5F
רימא;פנחס;danielle_sparks;Xf9%JAcbV6ps
שחר;קאופמן;terry_beck;&xz$cnAs*&5V
עילאי;דניאל;margaret_armstrong;D&gL9QECpF7l
רומי;חטיב;christine_ford;2571s5DGF8f@
אימרי;פלדמן;gregory_williamson;RFCvP4QPt2%J
אחינועם;יוסף;latoya_king;OxnPPLf5012!
סולימאן;קפלן;nicole_hudson;0UeCNovGv%g5
חלא;עאזם;michael_ellis;YsVG@ot%V5TQ
מיכאלה;יהודה;becky_perez;r9#7H%cp0ha!
רומי;שמיר;lee_mcdowell;Mda&K1#12esv
ישראל;בדראן;eric_duncan;Uu*Q#9n&f*RQ
ליאור;ברנשטיין;colin_evans;kfQdjkIh!H84
מוחמד;חיון;brian_harmon;Ey*j&bHS5#H0
סלמא;מנשה;tracy_jimenez;utLyPp$h#uM9
הודיה;אבו כף;marc_johnson;#F31qv%wHEav
יהונתן;ברמן;bonnie_carpenter;Z4s9!UihAd!o
מיכאל;אמיר;ryan_schultz;H^HtFv7JF8rb
איתמר;אוחנה;spencer_jacobs;Wjw0%!GAVg&U
ליאור;כהן;alec_thompson;q&NB143lRMIW
רות;אברהם;jason_maxwell;3G8!O%rV7NGP
דוד;ביטון;angela_moore;9866JCdRPe^k
איתי;שולמן;mary_lewis;L!!TUg8liSv6
איתמר;גולן;deborah_steele;3CG^Ppr2A8oQ
אביה;ח'ורי;dennis_fritz;P6i6%eX09Xbc
גילי;יעקב;timothy_mack;Dv9@!rYW1g6o
גפן;ביטון;jonathan_yoder;D1iDpjwFIm%B
תאיר;גליק;pedro_anderson;LKh8j*i$!Q73
נאור;מימון;carly_carter;tOe@27V6^^Uf
חיה;אברהם;emily_roberts;7#uzs%yqDADN
חמזה;בכר;deanna_hopkins;2Qzb#%ysrX1w
הילה;עתאמנה;jennifer_meyers;!eK%z4^cT*J^
אדם;לוי;alyssa_smith;XHc0jbxpp#2S
רחל;מנסור;ashley_howard;!&*3oNe&Q8UO
יעל;אוחנה;vincent_edwards;mGa6jc*%^e1g
ריתאל;אלמוג;christina_rosario;p!00jCZMD49F
אלה;בן חמו;ruth_west;4WfRaR9d%Fjf
ניתאי;מימון;marilyn_harper;KEf$#ULSN#6q
אייל;ביטון;anna_williams;jM2G%U88kSi0
אביאל;מלכה;nicole_taylor;Bnj!Nad1B%tg
יצחק;אביטן;renee_parker;dRqw@XcoV00J
אלון;לב;nancy_turner;U@0Q!SM5wqF@
אלעזר;גאנם;danny_miller;hyNau$Z5r%4V
אופק;עואד;amy_lopez;e^1M5XblTumh
ליאן;נחום;cindy_morton;mWdvDWp*8WNu
חלא;סבן;brett_williams;BBM4a$564@!q
איילה;כהן;laura_benjamin;p^6pVF%2864U
עלמה;זידאן;paul_ellis;N5k%VF8Mc0qW
מוחמד;יצחקי;joseph_snow;A9d*v4meCU%*
שירה;הדר;taylor_hebert;4FUDKqsJk^^2
נאור;מרעי;janice_keller;Hp20UArm!j5M
יהונתן;לוי;james_wilson;KD#5O@x&v34n
לין;אלקרינאוי;emily_anderson;*oE83ovK&zS5
יעלה;כהנא;brian_miller;Y8JCACqKhTD&
מוחמד;מזרחי;mackenzie_hinton;77$N0Pin7MyY
יאיר;דרור;brett_walker;IpbcCCKJd@30
יהונתן;מחאמיד;amy_smith;K1hNGKV**qwR
תבל;מלכה;jennifer_jones;CKrm33x7K$1d
נועה;ח'טיב;kimberly_leach;0hdHG#z0JEE@
יסכה;גרין;brian_ferguson;*gy$7e2$E#K8
עמית;פרץ;james_moses;fb!YgGio#L7%
איתן;שוויקי;daniel_conway;gzPm^$%Pq7&V
שלום;מילר;kayla_hernandez;^WW!8CSd@r8@
ח'אלד;בדראן;lisa_torres;kG3KPjidDjM@
אלונה;בן יוסף;patrick_davis;DElDyl&&NFT0
שיר;בן חיים;robert_day;kxJM5d5CRt1$
אשר;פורת;benjamin_robinson;48$cwT##46Q5
דוד;משולם;james_wagner;@*1qV#*YM%jR
מאי;מחאג'נה;erin_sampson;EKd*M*0&cq$S
אחמד;אמארה;kimberly_jordan;shVb7D1^YgL^
איימי;יעקובי;thomas_rhodes;7P63He@Jw3P#
רעות;אלטורי;kelsey_gilbert;jlsR^8GB0Njm
אוריה;סולומון;tiffany_scott;pfv$AnEP^29l
חלא;סויסה;douglas_knight;FpMp3NjP$Ro3
יהודה;טוויל;joshua_reed;4yfaCm&RIN3i
ליה;בשארה;timothy_reyes;7Dc%qsvWrE!T
איליי;סרוסי;rebecca_bowers;yqU1h8W!EHSF
נועה;מזרחי;steven_taylor;892H^zep&v59
טובה;וקנין;lisa_lee;egW$pPt2El$i
איתן;צור;sara_martin;TbVgVnm2tGs*
אביגיל;שחר;suzanne_dean;k0^Ge3Z$Nr#L
איילה;בן דוד;kimberly_oliver;*8R5vrbS!4mu
נועה;אמסלם;julia_summers;NcJf^*@m4VeI
טליה;כהן;pamela_miller;4b#sT^wt#TKK
מוחמד;אביב;sonia_berry;4$^Rtr3GfJy9
יהודה;עזרן;jeff_lee;iL51T!&d4&dr
יעקב;סואעד;michael_jimenez;GpB7zE4*7ivb
בנימין;חאג' יחיא;kelly_velez;3m9g3$wAuwCi
מנחם;משה;marie_ross;zNIu1YYV&0*l
שלמה;סעדה;valerie_alvarez;0K8Ns$eGAO17
אלישבע;כהן;anthony_carson;utZn7%$ZaFX3
מוחמד;גורן;tammy_hernandez;M2RCAj^**%4e
אייל;לרנר;patricia_phillips;P$N6ft5XTbBg
אדוה;אבו כף;leslie_peterson;07@Cfr8gPdlN
יסמין;מוסא;keith_herman;q%FE&Sum2vLC
אבישי;אהרוני;austin_alexander;^dzs1o!ZESmk
בת שבע;עאזם;andres_griffin;KYEGPPt$Af48
רננה;יאסין;caitlin_brown;alkOn98E1!v%
אביב;כץ;erin_crosby;k5w%V@v%Hx3p
נויה;שחר;gary_lyons;rpl%8YGwzsGu
ביסאן;חג'אזי;rebecca_lucas;D8ghX8%QVOkW
אחמד;כהן;jesus_spencer;@zru7JwD^i^v
נתנאל;חיימוב;whitney_jones;rBf3T2#2ee6B
אודל;וינר;ashley_ryan;d22z53&njiOV
חיים;אדרי;jasmine_caldwell;&9$onQ1Ip0Ku
עמנואל;יעקב;crystal_holloway;%&bfAXcS06%7
עומרי;אשכנזי;michelle_mora;lZ1!0RX$mZeh
אימרי;זהר;stephen_morris;U#4d$GyB2I&F
ברכה;אמסלם;kenneth_delgado;3oc4%PK2RAUr
שרה;רפאל;shannon_barrett;7X^f*DXmw*mL
אליאס;הררי;kimberly_brown;9Y9qcDyj%7uy
לאה;יעקובוביץ;jillian_riggs;BbZ3%^TaaXvA
ענהאל;מימון;tara_kirby;0UeiKT36$CW8
יותם;כהן;allison_fitzpatric;@2g6ileU@7oe
יהונתן;שלו;anne_thompson;&md387@PX6P*
שמחה;אוחיון;courtney_cohen;S$F2CmoqgWKP
משה;יצחקי;kristina_bailey;bBDxYLn$6w!O
לין;משולם;debbie_roberson;#zm1X@P75!!p
משה;לוי;nicole_garcia;Az68^O9kz%q!
מאיה;לוין;john_hall;sXRscLMnJ@t3
יעל;יפה;carl_berg;i970ETI7^2tk
יובל;צברי;sara_gonzalez;Fs#Y@*7^FMvI
אדם;כהן;david_myers;ZP6%4UXCO^ca
תמר;פישר;elizabeth_johnston;p9AjwLi3rw^K
שמואל;ברק;samuel_vargas;8wIjfKe*T!V1
יצחק;מאיר;christopher_ray;Uo4y&tOAoECP
מיקה;אילוז;cody_lawrence;9DX9!QwfI7Ax
רוני;סויסה;kristen_hart;0hGQW5cm@LH^
הודיה;בן דוד;jason_davis;XLK#J%Nhcz9Q
דניאל;ח'טיב;hector_harvey;ZTsl9SzIA!Cb
נויה;ברקוביץ;deborah_green;ej@6Ai1CEt&t
אחמד;חן;kristen_farmer;vuj4#zdXJW7v
יובל;ביטון;ronald_dickson;maggZH!6pDtb
ישראל;הררי;jason_mercado;m05z!Z@#9NFa
הדר;אברמוביץ;richard_walker;G2RN@I&bDb2Q
סיני;דרור;susan_black;GjP#IJxVA!&8
אפרת;נחום;angela_mcclain;6iGLO#!rnI9E
טליה;דבש;david_boyd;Mz9^Kc4OjlQX
מיאל;ברנס;crystal_fuller;C^9iWI5ekphv
טליה;הרוש;alice_webb;GB&nSu0#NU@L
לביא;מאיר;aaron_wright;zX0!e1hU5$V5
אבישג;כהן;jessica_cortez;%4^oMz2xQwYz
רעות;נסים;garrett_estrada;N9qK%mKjWpw%
חסן;אברהם;david_williams;Skmnd0&^c2LH
תמר;קדוש;cindy_mccoy;6W^Y*p3vQbO&
אליאור;ששון;alexandra_mills;BJg!^eB9akJk
ליאן;שבתאי;lawrence_duran;aC!cNRQedI4R
אסתר;סלאמה;krystal_jones;M*maw25B9G2h
ליאל;רונן;sydney_garrison;F!#gH%ENKW4x
יסכה;עבד אל קאדר;tamara_fields;e@1UX79^RsuU
מרדכי;עלי;george_gutierrez;3c6gbsvrZTj*
זוהר;קאסם;diane_robinson;ma$0y^#M#0U6
מלכה;אזברגה;robert_lane;ECl74&ti$qU*
תמרה;ברזילי;joseph_baker;@PFJ1Pz$a2&r
חוה;גרינברג;christie_harmon;#jNh1wc03QrW
ליבי;אברהם;adrian_ruiz;#Ro27&ZEhOqI
אמיר;שחר;stephanie_chavez;2^2m6hwK5%q6
בנימין;כהן;david_weiss;lA^h@uCI%752
איתן;אסולין;timothy_perkins;%fOsH3dWAA#R
יונתן;דיאב;andrew_rivas;o8N#pzZYw23C
איתי;טל;michelle_lee;t6GF1@*W!u*j
שי-לי;סעד;-;r*1E*A%gX!yM
רוני;יאסין;melanie_kim;Eg6R%hiN#USV
אמיתי;שני;anthony_branch;GwEOw*fSz6kk
הלל;נסים;martha_jefferson;H4pG4EMbWcr!
איתן;מסרי;omar_bryant;I#IuiGPSb7r6
שלמה;אברהם;maureen_turner;Uc^@Z33o59Jn
עמית;כהנא;dylan_rogers;HT1!Kb5Xp35H
עמיחי;רביבו;katelyn_ramos;LU0r&Cgq0h*8
ליאל;כהן;kelly_hart;dH1F5b$p1a%F
איתי;יצחקי;elizabeth_beard;r8ut3f2H1W&a
יונתן;אמיר;regina_sanchez;G13YiZdMinN@
מוחמד;חזן;nicole_roman;#nE!E4S9Ep5k
ארי;דוד;stephen_santana;7fh@m1aqTKF9
אביגיל;לוי;justin_guzman;R&4%*gF!jZNu
ארד;מימון;savannah_torres;e^V8lPta@&Uq
ליה;יהודה;rebecca_nichols;I1y*fFJ!kL9C
צפורה;לוין;jennifer_steele;LW#hThWk#K17
אחמד;מזרחי;ashley_robles;kkvLvVT$%9z6
אליעזר;לוין;brandon_foster;Y%3Nvz9^L$n#
חלא;לוי;beverly_owen;tnAwKd0AB9d&
מלאכי;אדרי;john_richardson;K43jbh6!eH$B
גלי;לביא;jared_douglas;Ad^8vAKoNDR4
רחל;אדלר;andrew_bailey;d#HTi6ga*jAk
תמר;ביטון;joann_reilly;aishnc#4a0Xe
תמרה;דרור;nicole_williams;8YdIA8N$G7LZ
ג'נא;בן דוד;kimberly_fisher;&&f55cLP&qY#
שוהם;ספיר;tara_perry;0uMZT@24MnMc
חלא;שטרית;cynthia_davis;R35!%bj!jSJG
נועה;מנחם;donald_munoz;H@2!0mX1mgOC
דוד;שם טוב;sherry_taylor;D@0y!Yy4M76W
שרה;גרבאן;gabriel_spencer;hEFU^$6ozTOF
מרדכי;שריקי;henry_banks;j$VCvY@55K0d
בר;אלקיים;heather_holmes;0HgVe0ZpA#Bj
נעמה;אלון;robin_gill;pTF80@vFtUC$
שי-לי;מור;-1;a1o3&gwNK9VB
יהונתן;רוזנברג;john_fernandez;!y172f9%Eg7L
ראובן;סעדה;shane_becker;xtcpu!EU0BFM
שרה;ליברמן;william_matthews;S5lp08vH^^dR
נועה;שורץ;debbie_liu;itQTeY@7X@Ow
לני;חן;sandra_harris;ja@Dn2^lhik3
יאיר;קדוש;pamela_juarez;&xV3!nKXOgo3
קדם;חביבאללה;kevin_case;7%GiAu3aVPLq
יאיר;אטיאס;tonya_bryant;zjpeDp&b!Hk3
מוחמד;לביא;alan_rollins;8$V&MyQ3BFov
אלעד;אברמוביץ;eric_beltran;1NASV&De%yd^
מנחם;אגבאריה;david_cohen;*@S4kxU1@IVb
אדם;פנחס;tricia_rivera;19pmwQE!ACwS
יעל;מחאמיד;brian_english;nnF7U#XJ6tYq
רבקה;זכריה;brandy_diaz;J!1KA%73sUZJ
רומי;קדוש;jessica_ross;T^70zd&rED3c
אלה;בן הרוש;michael_griffin;bFqE4BS@ZXBW
אבראהים;גוטמן;vanessa_martin;hzee8p$QEgS^
אדיר;אברמוב;robert_powers;U80krbLF#7!W
אלישבע;יעקובי;tina_russell;b5m2*BJYQdJO
תיא;אוחיון;lauren_pierce;p%NWYDZ#EJ3^
תמר;בקר;amber_fischer;!fdtn69iY0DH
שי לי;מלכה;jerry_berry;q9pi&bW1sDhN
נבו;טל;patrick_cabrera;$yCMo8D08%J#
שירה;חוג'יראת;allen_hendricks;cv!LAip1%k&*
תהילה;שדה;alexandria_kane;8!YGupPRWbMv
שרה;שמש;katherine_johnston;C&Qmflgr7HNo
שי-לי;וייס;-2;f&rbsBP8D3rs
איתי;אלנבארי;matthew_james;PzV852GUW5$f
אלמא;בן משה;james_warren;zT3#o9QU*DuD
צופיה;אברהם;jesse_ford;jRIuwS6%X7k0
אליהו;קורן;jared_holland;!!N#ywo0LCs5
אימרי;קורן;matthew_donovan;G*kYJ9o1OWpH
תהילה;גבע;jessica_green;tNJ@y7CbjDvP
ינאי;קאסם;david_compton;4X1lyb#fI62G
אמה;רובין;christopher_matthe;CthOoLbc4m1$
שקד;עבאסי;mark_kelly;heE0d#p%r!v@